{"name":"8d473a90-70cb-4129-8d37-5576963c07ee","id":"/providers/Microsoft.Flow/flows/8d473a90-70cb-4129-8d37-5576963c07ee","type":"Microsoft.Flow/flows","properties":{"apiId":"/providers/Microsoft.PowerApps/apis/shared_logicflows","displayName":"Populate Database Complaint Support Database","definition":{"metadata":{"workflowEntityId":null,"processAdvisorMetadata":null,"flowChargedByPaygo":null,"flowclientsuspensionreason":"None","flowclientsuspensiontime":null,"flowclientsuspensionreasondetails":null,"creator":{"id":"ff990f46-dfa7-4703-b601-2bff080e42cc","type":"User","tenantId":"073b12b7-bac3-4b12-b2ac-de43ea9cd3f6"},"provisioningMethod":"FromDefinition","failureAlertSubscription":true,"clientLastModifiedTime":"2024-07-08T01:04:45.7052765Z","connectionKeySavedTimeKey":"2024-07-08T01:04:45.7052765Z"},"$schema":"https://schema.management.azure.com/providers/Microsoft.Logic/schemas/2016-06-01/workflowdefinition.json#","contentVersion":"1.0.0.0","parameters":{"$connections":{"defaultValue":{},"type":"Object"},"$authentication":{"defaultValue":{},"type":"SecureObject"}},"triggers":{"When_an_item_is_created":{"recurrence":{"frequency":"Minute","interval":1},"splitOn":"@triggerOutputs()?['body/value']","metadata":{"operationMetadataId":"4e75444e-9570-45d3-8d58-6522f9b48a83"},"type":"OpenApiConnection","inputs":{"host":{"apiId":"/providers/Microsoft.PowerApps/apis/shared_sharepointonline","connectionName":"shared_sharepointonline","operationId":"GetOnNewItems"},"parameters":{"dataset":"https://racheldevtech.sharepoint.com","table":"e54625c4-6cee-4071-8fc3-183322bb82e2"},"authentication":"@parameters('$authentication')"}}},"actions":{"Initialize_variable":{"runAfter":{},"metadata":{"operationMetadataId":"86cd5059-9df1-47b5-a74d-a644e5574735"},"type":"InitializeVariable","inputs":{"variables":[{"name":"Attachment","type":"string"}]}},"Condition":{"actions":{"Get_attachments":{"runAfter":{},"metadata":{"operationMetadataId":"d2492f96-5e36-4173-bdd9-9be604e87daf"},"type":"OpenApiConnection","inputs":{"host":{"apiId":"/providers/Microsoft.PowerApps/apis/shared_sharepointonline","connectionName":"shared_sharepointonline","operationId":"GetItemAttachments"},"parameters":{"dataset":"https://racheldevtech.sharepoint.com","table":"e54625c4-6cee-4071-8fc3-183322bb82e2","itemId":"@triggerOutputs()?['body/ID']"},"authentication":"@parameters('$authentication')"}},"Apply_to_each":{"foreach":"@body('Get_attachments')","actions":{"Get_attachment_content":{"runAfter":{},"metadata":{"operationMetadataId":"27700577-14a0-4286-a5bd-2b4ac07894e6"},"type":"OpenApiConnection","inputs":{"host":{"apiId":"/providers/Microsoft.PowerApps/apis/shared_sharepointonline","connectionName":"shared_sharepointonline","operationId":"GetAttachmentContent"},"parameters":{"dataset":"https://racheldevtech.sharepoint.com","table":"e54625c4-6cee-4071-8fc3-183322bb82e2","itemId":"@triggerOutputs()?['body/ID']","attachmentId":"@item()?['Id']"},"authentication":"@parameters('$authentication')"}},"Create_file":{"runAfter":{"Get_attachment_content":["Succeeded"]},"metadata":{"operationMetadataId":"8f970bf2-92c8-4d28-87da-f131b1bde35c"},"type":"OpenApiConnection","inputs":{"host":{"apiId":"/providers/Microsoft.PowerApps/apis/shared_sharepointonline","connectionName":"shared_sharepointonline","operationId":"CreateFile"},"parameters":{"dataset":"https://racheldevtech.sharepoint.com","folderPath":"/Customers Complaint Database","name":"@item()?['DisplayName']","body":"@body('Get_attachment_content')"},"authentication":"@parameters('$authentication')"},"runtimeConfiguration":{"contentTransfer":{"transferMode":"Chunked"}}},"Create_sharing_link_for_a_file_or_folder":{"runAfter":{"Create_file":["Succeeded"]},"metadata":{"operationMetadataId":"aa446fc4-5b7f-4183-b0cb-7e0058f247c3"},"type":"OpenApiConnection","inputs":{"host":{"apiId":"/providers/Microsoft.PowerApps/apis/shared_sharepointonline","connectionName":"shared_sharepointonline","operationId":"CreateSharingLink"},"parameters":{"dataset":"https://racheldevtech.sharepoint.com","table":"7761ff28-4544-43b5-b6f2-93c847870347","id":"@outputs('Create_file')?['body/ItemId']","permission/type":"edit","permission/scope":"organization"},"authentication":"@parameters('$authentication')"}},"Compose":{"runAfter":{"Create_sharing_link_for_a_file_or_folder":["Succeeded"]},"metadata":{"operationMetadataId":"dd2f1c44-16ae-4aa2-a3fb-823a2cdfb26c"},"type":"Compose","inputs":"<a href =\"@{outputs('Create_sharing_link_for_a_file_or_folder')?['body/link/webUrl']}\">@{item()?['DisplayName']}</a><br>"},"Append_to_string_variable":{"runAfter":{"Compose":["Succeeded"]},"metadata":{"operationMetadataId":"8315813c-c547-45f1-ada7-50b187583c6a"},"type":"AppendToStringVariable","inputs":{"name":"Attachment","value":"@outputs('Compose')"}},"Create_item":{"runAfter":{"Append_to_string_variable":["Succeeded"]},"metadata":{"operationMetadataId":"267aacc2-bccb-464f-a1b9-c8989c2a1125"},"type":"OpenApiConnection","inputs":{"host":{"apiId":"/providers/Microsoft.PowerApps/apis/shared_sharepointonline","connectionName":"shared_sharepointonline","operationId":"PostItem"},"parameters":{"dataset":"https://racheldevtech.sharepoint.com","table":"ee476cfe-876d-4269-be7d-e5e2aaf37d78","item/AccountNumber":"@triggerOutputs()?['body/AccountNumber']","item/EmailAddress":"@triggerOutputs()?['body/Email']","item/TypeofComplaint/Value":"Alert","item/CategoryofComplaint/Value":"@triggerOutputs()?['body/TypeofComplaint/Value']","item/Complains":"@triggerOutputs()?['body/Complaint']","item/Status/Value":"Transfered","item/AttachmentLink":"<p>@{variables('Attachment')}</p>"},"authentication":"@parameters('$authentication')"}}},"runAfter":{"Get_attachments":["Succeeded"]},"metadata":{"operationMetadataId":"f9b143d4-9601-4045-9036-402e7ab2aa0f"},"type":"Foreach"}},"runAfter":{"Initialize_variable":["Succeeded"]},"expression":{"contains":["@triggerOutputs()?['body/TypeofComplaint/Value']","Alert"]},"metadata":{"operationMetadataId":"fbd5a689-f397-40cc-ac2b-7b8173635137"},"type":"If"}}},"connectionReferences":{"shared_sharepointonline":{"connectionName":"64359cf20b09431fa9066099c16a59e7","source":"Embedded","id":"/providers/Microsoft.PowerApps/apis/shared_sharepointonline","tier":"NotSpecified"}},"flowFailureAlertSubscribed":false,"isManaged":false}}